msg_id,direction,timestamp_ns,latency_ns,packet_size,success,reason,cpu_percent,memory_bytes
0,send,10564795302606,179469,70,True,,0.0,29478912
1,send,10564807502613,335593,70,True,,0.0,29478912
2,send,10564818154361,186137,70,True,,95.4,29478912
3,send,10564828927495,264924,70,True,,0.0,29478912
4,send,10564839683513,161742,70,True,,0.0,29483008
5,send,10564850102144,218458,70,True,,0.0,29483008
6,send,10564860505771,147844,70,True,,0.0,29483008
7,send,10564871042286,169771,70,True,,0.0,29483008
8,send,10564881607444,159112,70,True,,0.0,29483008
9,send,10564892593361,156754,70,True,,0.0,29483008
10,send,10564902959376,138338,70,True,,0.0,29483008
11,send,10564913339520,127503,70,True,,96.5,29483008
12,send,10564923930506,326187,70,True,,0.0,29483008
13,send,10564934366905,171636,70,True,,0.0,29483008
14,send,10564944838997,155906,70,True,,0.0,29483008
15,send,10564955675875,302388,70,True,,0.0,29483008
16,send,10564966632104,168569,70,True,,0.0,29483008
17,send,10564976987272,371324,70,True,,0.0,29483008
18,send,10564988790916,134800,70,True,,0.0,29483008
19,send,10564999088858,472616,70,True,,0.0,29483008
20,send,10565010131854,96689,70,True,,0.0,29487104
21,send,10565020714543,395691,70,True,,0.0,29487104
22,send,10565031005453,71182,70,True,,0.0,29487104
23,send,10565041596304,110262,70,True,,0.0,29487104
24,send,10565051820143,274504,70,True,,0.0,29487104
25,send,10565062242702,61854,70,True,,0.0,29487104
26,send,10565072622923,114046,70,True,,0.0,29487104
27,send,10565083997246,242071,70,True,,0.0,29487104
28,send,10565094709378,67332,70,True,,0.0,29487104
29,send,10565105650616,135946,70,True,,0.0,29487104
30,send,10565116127866,385795,70,True,,0.0,29487104
31,send,10565126530790,117882,70,True,,0.0,29487104
32,send,10565137158104,522848,70,True,,0.0,29487104
33,send,10565147621956,93845,70,True,,0.0,29487104
34,send,10565157983288,367850,70,True,,0.0,29487104
35,send,10565168310017,125406,70,True,,0.0,29487104
36,send,10565178605511,304017,70,True,,0.0,29487104
37,send,10565190949153,79620,70,True,,0.0,29487104
38,send,10565201968770,281486,70,True,,0.0,29487104
39,send,10565212392309,113134,70,True,,0.0,29487104
40,send,10565223461470,246942,70,True,,0.0,29487104
41,send,10565234370424,103070,70,True,,0.0,29491200
42,send,10565244890162,356215,70,True,,0.0,29491200
43,send,10565255892573,101810,70,True,,0.0,29491200
44,send,10565266296853,637894,70,True,,0.0,29491200
45,send,10565276894997,136542,70,True,,0.0,29491200
46,send,10565287810994,782890,70,True,,0.0,29491200
47,send,10565298054103,106135,70,True,,0.0,29491200
48,send,10565308318629,316754,70,True,,0.0,29491200
49,send,10565318630507,272253,102,True,,0.0,29700096
50,send,10565330138590,127980,70,True,,0.0,29700096
51,send,10565340452820,467547,70,True,,0.0,29700096
52,send,10565352708467,133514,70,True,,0.0,29704192
53,send,10565363226166,261614,70,True,,0.0,29704192
54,send,10565373525116,133463,70,True,,0.0,29704192
55,send,10565384196419,388089,70,True,,0.0,29704192
56,send,10565394390538,116107,70,True,,0.0,29704192
57,send,10565404841863,327304,70,True,,0.0,29704192
58,send,10565415151922,73156,70,True,,0.0,29704192
59,send,10565425635931,118535,70,True,,95.0,29708288
60,send,10565436236341,286094,70,True,,0.0,29708288
61,send,10565447483893,66662,70,True,,0.0,29708288
62,send,10565458616740,142132,70,True,,0.0,29708288
63,send,10565468946186,357313,70,True,,0.0,29708288
64,send,10565479526140,74050,70,True,,0.0,29708288
65,send,10565490157514,156901,70,True,,0.0,29708288
66,send,10565500483705,355776,70,True,,0.0,29708288
67,send,10565510919401,102625,70,True,,0.0,29708288
68,send,10565521345160,142001,70,True,,0.0,29708288
69,send,10565532038456,362635,70,True,,0.0,29708288
70,send,10565543088058,113529,70,True,,0.0,29708288
71,send,10565554421725,109023,70,True,,0.0,29708288
72,send,10565564926588,155255,70,True,,0.0,29708288
73,send,10565575942584,401479,70,True,,0.0,29708288
74,send,10565586311685,136168,70,True,,0.0,29708288
75,send,10565596931876,131816,70,True,,0.0,29708288
76,send,10565607798031,139498,70,True,,0.0,29708288
77,send,10565618401545,157777,70,True,,96.0,29716480
78,send,10565628774339,128822,70,True,,0.0,29716480
79,send,10565639110897,82804,70,True,,0.0,29720576
80,send,10565651898456,387732,70,True,,0.0,29720576
81,send,10565662465831,145644,70,True,,0.0,29720576
82,send,10565674860454,137995,70,True,,0.0,29720576
83,send,10565685381622,136910,70,True,,0.0,29720576
84,send,10565695670414,127531,70,True,,0.0,29724672
85,send,10565707087814,135071,70,True,,0.0,29724672
86,send,10565717481610,137053,70,True,,0.0,29724672
87,send,10565728779157,128624,70,True,,0.0,29724672
88,send,10565739733724,120621,70,True,,0.0,29724672
89,send,10565750583673,162051,70,True,,0.0,29724672
90,send,10565761743904,154674,70,True,,0.0,29724672
91,send,10565772191069,171117,70,True,,0.0,29724672
92,send,10565783380047,144447,70,True,,0.0,29724672
93,send,10565793786024,154814,70,True,,0.0,29724672
94,send,10565804245364,156318,70,True,,0.0,29724672
95,send,10565814628399,147604,70,True,,0.0,29724672
96,send,10565825078034,136135,70,True,,0.0,29724672
97,send,10565835420635,130720,70,True,,0.0,29724672
98,send,10565845736360,47860,70,True,,0.0,29728768
99,send,10565856786681,186538,102,True,,0.0,29728768
100,send,10565867543626,129149,70,True,,0.0,29728768
101,send,10565878412150,144978,70,True,,91.8,29728768
102,send,10565889887800,131026,70,True,,0.0,29728768
103,send,10565900352106,148499,70,True,,0.0,29728768
104,send,10565910711285,128220,70,True,,0.0,29728768
105,send,10565921468119,127284,70,True,,0.0,29728768
106,send,10565932221200,137868,70,True,,0.0,29728768
107,send,10565943606361,123585,70,True,,0.0,29728768
108,send,10565954039551,157462,70,True,,0.0,29728768
109,send,10565964372870,55167,70,True,,0.0,29728768
110,send,10565974953400,160261,70,True,,0.0,29728768
111,send,10565985531568,369709,70,True,,0.0,29728768
112,send,10565996869132,165635,70,True,,0.0,29728768
113,send,10566007268426,148756,70,True,,0.0,29728768
114,send,10566017659299,165888,70,True,,0.0,29728768
115,send,10566028993899,143063,70,True,,0.0,29728768
116,send,10566039701995,151257,70,True,,0.0,29728768
117,send,10566050512161,122704,70,True,,0.0,29732864
118,send,10566061474458,146628,70,True,,0.0,29732864
119,send,10566071942443,402672,70,True,,0.0,29736960
120,send,10566082536742,161030,70,True,,0.0,29736960
121,send,10566093785456,131321,70,True,,0.0,29736960
122,send,10566104301810,155902,70,True,,0.0,29736960
123,send,10566114683058,141294,70,True,,0.0,29736960
124,send,10566125068617,141127,70,True,,0.0,29736960
125,send,10566137357497,162610,70,True,,0.0,29736960
126,send,10566148712354,189279,70,True,,0.0,29736960
127,send,10566159818715,72994,70,True,,0.0,29736960
128,send,10566171197236,148944,70,True,,87.2,29736960
129,send,10566182192378,139208,70,True,,0.0,29736960
130,send,10566192672045,121326,70,True,,0.0,29736960
131,send,10566203192890,145750,70,True,,0.0,29736960
132,send,10566213576710,139942,70,True,,0.0,29736960
133,send,10566223917850,400527,70,True,,0.0,29736960
134,send,10566234207341,133870,70,True,,0.0,29736960
135,send,10566246432439,162258,70,True,,0.0,29736960
136,send,10566256953559,157608,70,True,,0.0,29736960
137,send,10566267676683,168250,70,True,,0.0,29741056
138,send,10566278635829,175368,70,True,,0.0,29741056
139,send,10566288991750,129026,70,True,,0.0,29741056
140,send,10566299311028,128138,70,True,,0.0,29741056
141,send,10566309715333,157809,70,True,,0.0,29741056
142,send,10566320203751,166821,70,True,,0.0,29741056
143,send,10566330520292,138790,70,True,,0.0,29741056
144,send,10566341000482,133455,70,True,,0.0,29741056
145,send,10566351419405,168866,70,True,,0.0,29741056
146,send,10566364210690,140488,70,True,,0.0,29741056
147,send,10566375024999,166488,70,True,,0.0,29741056
148,send,10566385446055,144503,70,True,,0.0,29745152
149,send,10566396259079,159523,102,True,,0.0,29745152
150,send,10566407067757,150572,70,True,,0.0,29745152
151,send,10566417655535,147294,70,True,,0.0,29745152
152,send,10566428491747,124051,70,True,,0.0,29745152
153,send,10566439135998,135909,70,True,,93.7,29745152
154,send,10566449996509,136140,70,True,,0.0,29745152
155,send,10566460312922,129648,70,True,,0.0,29745152
156,send,10566471238801,132064,70,True,,0.0,29745152
157,send,10566481715319,164701,70,True,,0.0,29749248
158,send,10566492163536,155681,70,True,,0.0,29749248
159,send,10566502705822,145936,70,True,,0.0,29749248
160,send,10566515285329,491110,70,True,,0.0,29749248
161,send,10566526454977,74613,70,True,,0.0,29749248
162,send,10566538310285,208187,70,True,,0.0,29749248
163,send,10566548997003,222177,70,True,,0.0,29749248
164,send,10566559444572,160447,70,True,,0.0,29749248
165,send,10566569817236,64004,70,True,,0.0,29749248
166,send,10566580505695,141039,70,True,,0.0,29749248
167,send,10566590835423,136501,70,True,,0.0,29749248
168,send,10566601261502,142546,70,True,,0.0,29749248
169,send,10566611579564,128729,70,True,,0.0,29749248
170,send,10566622004724,75633,70,True,,0.0,29749248
171,send,10566632431494,144370,70,True,,95.2,29749248
172,send,10566643694070,131015,70,True,,0.0,29749248
173,send,10566654789827,143771,70,True,,0.0,29749248
174,send,10566665202983,153668,70,True,,0.0,29749248
175,send,10566675757826,138578,70,True,,0.0,29749248
176,send,10566686640676,134753,70,True,,0.0,29753344
177,send,10566699271466,135384,70,True,,0.0,29753344
178,send,10566710792581,144783,70,True,,0.0,29753344
179,send,10566723947735,394141,70,True,,0.0,29753344
180,send,10566735026342,52568,70,True,,0.0,29757440
181,send,10566748262631,149180,70,True,,0.0,29757440
182,send,10566758753854,159419,70,True,,0.0,29757440
183,send,10566769968498,169595,70,True,,0.0,29757440
184,send,10566780320635,144705,70,True,,0.0,29757440
185,send,10566790696573,151927,70,True,,0.0,29757440
186,send,10566802037639,258940,70,True,,0.0,29757440
187,send,10566812435161,140691,70,True,,0.0,29757440
188,send,10566822748924,137809,70,True,,0.0,29757440
189,send,10566835011824,51514,70,True,,0.0,29757440
190,send,10566845422346,128738,70,True,,0.0,29757440
191,send,10566855894839,384060,70,True,,0.0,29757440
192,send,10566866341440,137757,70,True,,0.0,29757440
193,send,10566876892748,154585,70,True,,0.0,29757440
194,send,10566887267767,121519,70,True,,0.0,29757440
195,send,10566899649959,125925,70,True,,0.0,29757440
196,send,10566910011008,142292,70,True,,0.0,29757440
197,send,10566920365303,136501,70,True,,0.0,29761536
198,send,10566930972209,115825,70,True,,0.0,29761536
199,send,10566941305468,163049,102,True,,0.0,29761536
200,send,10566952506950,133389,70,True,,0.0,29761536
201,send,10566963372154,153843,70,True,,0.0,29761536
202,send,10566976024429,411840,70,True,,0.0,29761536
203,send,10566986899426,146617,70,True,,0.0,29761536
204,send,10566997284728,140585,70,True,,96.4,29761536
205,send,10567007659694,138102,70,True,,0.0,29761536
206,send,10567018084645,154093,70,True,,0.0,29761536
207,send,10567028780013,128016,70,True,,0.0,29761536
208,send,10567039826663,408550,70,True,,0.0,29761536
209,send,10567050960194,170671,70,True,,0.0,29761536
210,send,10567061676509,129206,70,True,,0.0,29761536
211,send,10567073323915,77062,70,True,,0.0,29761536
212,send,10567084434124,130924,70,True,,0.0,29765632
213,send,10567094745491,117759,70,True,,0.0,29765632
214,send,10567105577422,134928,70,True,,0.0,29765632
215,send,10567116611257,138291,70,True,,0.0,29769728
216,send,10567129126016,150457,70,True,,0.0,29769728
217,send,10567140356088,264689,70,True,,0.0,29769728
218,send,10567150774053,152367,70,True,,0.0,29769728
219,send,10567162408010,161046,70,True,,0.0,29769728
220,send,10567172783073,146021,70,True,,0.0,29769728
221,send,10567183764238,141374,70,True,,0.0,29769728
222,send,10567194403972,162889,70,True,,0.0,29769728
223,send,10567206772571,135741,70,True,,0.0,29769728
224,send,10567218279149,146163,70,True,,86.9,29769728
225,send,10567228591106,128694,70,True,,0.0,29769728
226,send,10567238912254,124730,70,True,,0.0,29769728
227,send,10567249307676,204334,70,True,,0.0,29769728
228,send,10567259704432,149720,70,True,,0.0,29769728
229,send,10567270077546,159239,70,True,,0.0,29769728
230,send,10567281056955,134147,70,True,,0.0,29769728
231,send,10567291569154,154872,70,True,,0.0,29769728
232,send,10567301959668,143050,70,True,,0.0,29769728
233,send,10567312446363,165245,70,True,,0.0,29782016
234,send,10567322876113,157908,70,True,,0.0,29782016
235,send,10567333325694,133301,70,True,,0.0,29786112
236,send,10567343653458,126322,70,True,,0.0,29786112
237,send,10567353965183,142013,70,True,,0.0,29786112
238,send,10567373829551,162973,70,True,,0.0,29786112
239,send,10567403875556,314197,70,True,,33.1,29786112
240,send,10567415232805,180832,70,True,,0.0,29786112
241,send,10567440064859,402707,70,True,,0.0,29786112
242,send,10567450969601,84456,70,True,,0.0,29786112
243,send,10567467403322,126960,70,True,,0.0,29786112
244,send,10567481322040,618879,70,True,,0.0,29790208
245,send,10567492942352,139706,70,True,,0.0,29790208
246,send,10567504200842,116814,70,True,,0.0,29790208
247,send,10567515158226,166527,70,True,,0.0,29790208
248,send,10567526666576,211746,70,True,,0.0,29790208
249,send,10567538425890,163465,102,True,,0.0,29790208
250,send,10567549397530,286700,70,True,,0.0,29790208
251,send,10567560801590,422761,70,True,,0.0,29790208
252,send,10567571504827,91674,70,True,,0.0,29790208
253,send,10567581879874,400051,70,True,,0.0,29790208
254,send,10567592405685,69615,70,True,,0.0,29794304
255,send,10567602725498,69071,70,True,,0.0,29794304
256,send,10567613137767,121042,70,True,,0.0,29794304
257,send,10567624280985,369442,70,True,,0.0,29794304
258,send,10567635336137,88663,70,True,,0.0,29794304
259,send,10567645962787,292643,70,True,,0.0,29794304
260,send,10567656867766,116820,70,True,,0.0,29794304
261,send,10567669895619,383885,70,True,,0.0,29794304
262,send,10567680152189,122270,70,True,,0.0,29794304
263,send,10567690463835,324823,70,True,,0.0,29794304
264,send,10567700979881,113649,70,True,,0.0,29794304
265,send,10567712092674,354191,70,True,,0.0,29794304
266,send,10567723867401,66873,70,True,,0.0,29794304
267,send,10567734710199,70060,70,True,,0.0,29794304
268,send,10567746443279,125745,70,True,,84.8,29794304
269,send,10567756905280,296756,70,True,,0.0,29794304
270,send,10567768025112,212870,70,True,,0.0,29794304
271,send,10567779297937,112773,70,True,,0.0,29798400
272,send,10567789773431,137799,70,True,,0.0,29798400
273,send,10567801092118,689278,70,True,,0.0,29798400
274,send,10567811455873,100502,70,True,,0.0,29798400
275,send,10567821995871,631398,70,True,,0.0,29802496
276,send,10567833398549,129513,70,True,,0.0,29802496
277,send,10567844375828,137335,70,True,,0.0,29802496
278,send,10567855124010,142042,70,True,,0.0,29802496
279,send,10567865454656,144636,70,True,,0.0,29802496
280,send,10567876866360,155387,70,True,,0.0,29802496
281,send,10567888009574,382715,70,True,,0.0,29802496
282,send,10567899095064,141519,70,True,,0.0,29802496
283,send,10567909980848,133034,70,True,,0.0,29802496
284,send,10567920370814,51014,70,True,,0.0,29802496
285,send,10567930853924,147391,70,True,,0.0,29802496
286,send,10567941657644,167318,70,True,,0.0,29802496
287,send,10567952934037,155802,70,True,,88.7,29802496
288,send,10567963728730,165755,70,True,,0.0,29802496
289,send,10567974637082,154441,70,True,,0.0,29802496
290,send,10567985795871,141716,70,True,,0.0,29802496
291,send,10567996205999,135324,70,True,,0.0,29806592
292,send,10568006605372,146166,70,True,,0.0,29806592
293,send,10568017072960,150868,70,True,,0.0,29810688
294,send,10568028473191,160822,70,True,,0.0,29810688
295,send,10568038874206,157139,70,True,,0.0,29810688
296,send,10568051355950,145368,70,True,,0.0,29810688
297,send,10568062195911,137650,70,True,,0.0,29814784
298,send,10568072651087,149520,70,True,,0.0,29814784
299,send,10568083427166,162088,102,True,,0.0,29814784
300,send,10573094823567,165036,70,True,,0.0,29814784
301,send,10573105759543,169221,70,True,,0.0,29814784
302,send,10573116485648,135019,70,True,,0.0,29814784
303,send,10573127354734,138257,70,True,,0.0,29814784
304,send,10573140371555,172072,70,True,,0.0,29814784
305,send,10573151529403,131742,70,True,,0.0,29814784
306,send,10573162127069,156201,70,True,,0.0,29814784
307,send,10573174038869,144509,70,True,,0.0,29835264
308,send,10573184620575,157609,70,True,,0.0,29835264
309,send,10573195048593,171991,70,True,,0.0,29835264
310,send,10573206214274,152606,70,True,,0.0,29835264
311,send,10573216652319,157413,70,True,,95.7,29835264
312,send,10573227027650,158522,70,True,,0.0,29835264
313,send,10573237446010,159069,70,True,,0.0,29839360
314,send,10573247865030,75190,70,True,,0.0,29839360
315,send,10573258220537,149485,70,True,,0.0,29839360
316,send,10573268539475,149386,70,True,,0.0,29839360
317,send,10573279516392,131435,70,True,,0.0,29839360
318,send,10573290379192,141252,70,True,,0.0,29839360
319,send,10573300775625,145797,70,True,,0.0,29839360
320,send,10573311302368,170109,70,True,,0.0,29839360
321,send,10573321705775,67886,70,True,,0.0,29839360
322,send,10573332036247,364173,70,True,,0.0,29843456
323,send,10573342393614,145299,70,True,,0.0,29843456
324,send,10573352777610,134006,70,True,,0.0,29843456
325,send,10573363213258,141622,70,True,,0.0,29843456
326,send,10573375258577,152815,70,True,,0.0,29843456
327,send,10573386178573,167438,70,True,,0.0,29843456
328,send,10573396568593,142259,70,True,,0.0,29843456
329,send,10573406944646,166088,70,True,,0.0,29843456
330,send,10573417344100,156983,70,True,,0.0,29843456
331,send,10573427944344,422175,70,True,,92.2,29843456
332,send,10573438627398,166280,70,True,,0.0,29847552
333,send,10573449593940,158316,70,True,,0.0,29847552
334,send,10573459994639,407146,70,True,,0.0,29847552
335,send,10573471967263,395297,70,True,,0.0,29847552
336,send,10573482798159,138084,70,True,,0.0,29847552
337,send,10573493138928,139381,70,True,,0.0,29847552
338,send,10573503541065,318792,70,True,,0.0,29847552
339,send,10573513936541,142801,70,True,,0.0,29847552
340,send,10573524779650,124872,70,True,,0.0,29847552
341,send,10573536326200,141326,70,True,,0.0,29847552
342,send,10573546647737,113261,70,True,,0.0,29847552
343,send,10573557046860,142829,70,True,,0.0,29847552
344,send,10573567388234,76323,70,True,,0.0,29847552
345,send,10573577820678,376864,70,True,,0.0,29847552
346,send,10573588270141,148108,70,True,,0.0,29847552
347,send,10573598737049,281926,70,True,,0.0,29847552
348,send,10573608979550,350876,70,True,,0.0,29851648
349,send,10573619538159,157010,102,True,,0.0,29851648
350,send,10573629866475,154993,70,True,,0.0,29851648
351,send,10573640544243,308116,70,True,,0.0,29851648
352,send,10573651312937,65401,70,True,,0.0,29851648
353,send,10573661700050,70023,70,True,,0.0,29859840
354,send,10573672238693,288708,70,True,,0.0,29859840
355,send,10573682461641,105876,70,True,,0.0,29859840
356,send,10573692897337,151090,70,True,,95.1,29859840
357,send,10573703319500,324357,70,True,,0.0,29859840
358,send,10573713588801,124115,70,True,,0.0,29859840
359,send,10573724046278,239702,70,True,,0.0,29859840
360,send,10573735354239,71858,70,True,,0.0,29859840
361,send,10573745722019,109123,70,True,,0.0,29859840
362,send,10573756193211,67638,70,True,,0.0,29859840
363,send,10573766497412,393519,70,True,,0.0,29859840
364,send,10573777036563,118209,70,True,,0.0,29859840
365,send,10573788317386,395509,70,True,,0.0,29859840
366,send,10573798624321,120840,70,True,,0.0,29859840
367,send,10573809019078,288453,70,True,,0.0,29859840
368,send,10573819379080,85275,70,True,,0.0,29859840
369,send,10573829748638,322822,70,True,,0.0,29859840
370,send,10573840215996,115467,70,True,,0.0,29859840
371,send,10573850550076,284646,70,True,,0.0,29863936
372,send,10573860851966,113832,70,True,,0.0,29863936
373,send,10573871279946,269869,70,True,,0.0,29868032
374,send,10573881611419,132838,70,True,,0.0,29868032
375,send,10573892176832,303938,70,True,,0.0,29868032
376,send,10573902447650,120763,70,True,,0.0,29868032
377,send,10573912874517,318332,70,True,,0.0,29872128
378,send,10573923172975,57682,70,True,,0.0,29872128
379,send,10573933584850,143913,70,True,,0.0,29872128
380,send,10573944182701,399823,70,True,,0.0,29872128
381,send,10573955295549,76250,70,True,,0.0,29872128
382,send,10573965613386,142352,70,True,,0.0,29872128
383,send,10573976129189,324011,70,True,,0.0,29872128
384,send,10573986437995,143335,70,True,,0.0,29872128
385,send,10573996784023,333908,70,True,,0.0,29872128
386,send,10574007726887,77272,70,True,,0.0,29872128
387,send,10574018618498,352673,70,True,,0.0,29872128
388,send,10574028951780,120591,70,True,,0.0,29872128
389,send,10574040015348,240438,70,True,,0.0,29872128
390,send,10574050626510,116451,70,True,,0.0,29872128
391,send,10574061025095,328826,70,True,,0.0,29876224
392,send,10574071398509,65370,70,True,,0.0,29876224
393,send,10574081813145,109344,70,True,,0.0,29876224
394,send,10574092271555,336919,70,True,,0.0,29876224
395,send,10574102564099,52664,70,True,,0.0,29876224
396,send,10574113022503,113670,70,True,,95.1,29876224
397,send,10574123461016,261791,70,True,,0.0,29876224
398,send,10574133918682,65739,70,True,,0.0,29876224
399,send,10574144296742,182766,102,True,,0.0,29880320
400,send,10574154601639,81021,70,True,,0.0,29880320
401,send,10574164913757,369015,70,True,,0.0,29880320
402,send,10574175211097,72631,70,True,,0.0,29880320
403,send,10574185595400,138569,70,True,,0.0,29880320
404,send,10574196052538,326846,70,True,,0.0,29880320
405,send,10574206397310,76596,70,True,,0.0,29880320
406,send,10574216998112,402517,70,True,,0.0,29880320
407,send,10574227315571,111571,70,True,,0.0,29880320
408,send,10574237665441,361108,70,True,,0.0,29880320
409,send,10574248145689,150479,70,True,,0.0,29880320
410,send,10574258424690,310214,70,True,,0.0,29884416
411,send,10574268825292,128497,70,True,,0.0,29884416
412,send,10574279195803,243807,70,True,,0.0,29884416
413,send,10574289418691,113242,70,True,,0.0,29884416
414,send,10574299842073,292917,70,True,,0.0,29884416
415,send,10574310171813,125758,70,True,,0.0,29884416
416,send,10574320684178,291168,70,True,,93.9,29884416
417,send,10574331007178,67635,70,True,,0.0,29884416
418,send,10574341284040,111827,70,True,,0.0,29884416
419,send,10574351844528,271068,70,True,,0.0,29884416
420,send,10574362130907,125691,70,True,,0.0,29884416
421,send,10574372763576,82467,70,True,,0.0,29884416
422,send,10574383228477,98336,70,True,,0.0,29884416
423,send,10574393552828,356958,70,True,,0.0,29884416
424,send,10574403815543,95228,70,True,,0.0,29888512
425,send,10574414108421,333927,70,True,,0.0,29888512
426,send,10574424616331,120972,70,True,,0.0,29888512
427,send,10574434934430,229321,70,True,,0.0,29888512
428,send,10574445333546,137247,70,True,,0.0,29888512
429,send,10574455795401,290730,70,True,,0.0,29888512
430,send,10574466200587,162840,70,True,,0.0,29888512
431,send,10574477020914,420732,70,True,,0.0,29892608
432,send,10574487293329,381650,70,True,,0.0,29892608
433,send,10574497615723,382449,70,True,,0.0,29892608
434,send,10574507989772,284105,70,True,,0.0,29892608
435,send,10574518360057,117248,70,True,,0.0,29892608
436,send,10574528932442,340959,70,True,,0.0,29892608
437,send,10574539164560,71045,70,True,,0.0,29892608
438,send,10574549539162,139661,70,True,,0.0,29892608
439,send,10574560239530,336671,70,True,,0.0,29892608
440,send,10574571236483,79517,70,True,,0.0,29892608
441,send,10574581999998,386697,70,True,,0.0,29892608
442,send,10574592419945,131498,70,True,,0.0,29892608
443,send,10574602730015,313819,70,True,,0.0,29892608
444,send,10574614708732,113692,70,True,,0.0,29892608
445,send,10574625859406,234306,70,True,,0.0,29892608
446,send,10574637384746,143245,70,True,,0.0,29892608
447,send,10574647734550,764804,70,True,,0.0,29892608
448,send,10574658035263,121347,70,True,,0.0,29892608
449,send,10574668473006,404193,102,True,,0.0,29896704
450,send,10574678813391,78873,70,True,,0.0,29900800
451,send,10574689302005,364387,70,True,,0.0,29900800
452,send,10574699633735,286945,70,True,,0.0,29900800
453,send,10574711149108,75576,70,True,,0.0,29900800
454,send,10574721459586,125296,70,True,,0.0,29900800
455,send,10574731758043,268691,70,True,,0.0,29900800
456,send,10574742750563,65042,70,True,,0.0,29900800
457,send,10574755448534,76456,70,True,,78.6,29900800
458,send,10574766650175,387788,70,True,,0.0,29900800
459,send,10574777293008,122679,70,True,,0.0,29900800
460,send,10574789051511,385792,70,True,,0.0,29900800
461,send,10574799562396,87846,70,True,,0.0,29900800
462,send,10574810363286,331289,70,True,,0.0,29904896
463,send,10574820785769,130563,70,True,,0.0,29904896
464,send,10574831108028,243842,70,True,,0.0,29904896
465,send,10574841318370,113375,70,True,,0.0,29904896
466,send,10574851795525,206481,70,True,,0.0,29904896
467,send,10574862339902,119817,70,True,,0.0,29904896
468,send,10574874110908,363506,70,True,,0.0,29904896
469,send,10574884422306,111591,70,True,,0.0,29908992
470,send,10574897106600,342394,70,True,,0.0,29908992
471,send,10574907500925,67676,70,True,,0.0,29908992
472,send,10574919574115,70859,70,True,,0.0,29908992
473,send,10574930310958,108855,70,True,,0.0,29908992
474,send,10574940566442,266398,70,True,,0.0,29908992
475,send,10574951892382,89713,70,True,,0.0,29913088
476,send,10574962280425,374905,70,True,,0.0,29913088
477,send,10574976333490,143585,70,True,,0.0,29913088
478,send,10574986975047,330214,70,True,,0.0,29913088
479,send,10574997348497,138691,70,True,,0.0,29913088
480,send,10575007713874,249843,70,True,,0.0,29913088
481,send,10575018143543,156426,70,True,,0.0,29913088
482,send,10575029043250,354962,70,True,,0.0,29913088
483,send,10575039295842,66489,70,True,,0.0,29913088
484,send,10575050293728,133231,70,True,,0.0,29913088
485,send,10575061599119,348184,70,True,,0.0,29913088
486,send,10575072122564,134125,70,True,,0.0,29913088
487,send,10575082404114,286066,70,True,,0.0,29913088
488,send,10575094068915,117210,70,True,,0.0,29917184
489,send,10575104497145,313783,70,True,,0.0,29917184
490,send,10575114755006,75638,70,True,,0.0,29917184
491,send,10575125178437,72087,70,True,,0.0,29917184
492,send,10575135820089,132634,70,True,,0.0,29917184
493,send,10575146990483,454066,70,True,,87.4,29917184
494,send,10575158626950,209077,70,True,,87.6,29917184
495,send,10575170084917,721134,70,True,,0.0,29917184
496,send,10575180888660,139188,70,True,,0.0,29917184
497,send,10575191692276,598144,70,True,,0.0,29917184
498,send,10575202086557,158724,70,True,,0.0,29917184
499,send,10575212791225,202961,102,True,,0.0,29917184
500,send,10575223659045,163783,70,True,,0.0,29917184
501,send,10575234755940,173347,70,True,,0.0,29921280
502,send,10575245245086,181550,70,True,,0.0,29921280
503,send,10575256052009,375205,70,True,,0.0,29921280
504,send,10575266945481,149565,70,True,,0.0,29921280
505,send,10575277309448,132175,70,True,,0.0,29921280
506,send,10575287746191,136377,70,True,,0.0,29921280
507,send,10575298433097,159088,70,True,,0.0,29921280
508,send,10575308817231,162215,70,True,,0.0,29921280
509,send,10575319227203,149132,70,True,,0.0,29925376
510,send,10575332753607,267055,70,True,,0.0,29925376
511,send,10575343718394,262459,70,True,,0.0,29925376
512,send,10575355230460,85845,70,True,,0.0,29925376
513,send,10575366482542,270716,70,True,,0.0,29925376
514,send,10575377117287,300395,70,True,,0.0,29925376
515,send,10575388505240,172013,70,True,,0.0,29925376
516,send,10575399143192,565309,70,True,,90.5,29925376
517,send,10575411470071,271429,70,True,,0.0,29925376
518,send,10575422701005,182285,70,True,,0.0,29925376
519,send,10575436395076,266940,70,True,,0.0,29925376
520,send,10575448040035,515611,70,True,,0.0,29925376
521,send,10575458439387,225359,70,True,,0.0,29925376
522,send,10575469105307,153650,70,True,,0.0,29925376
523,send,10575480217770,93507,70,True,,0.0,29925376
524,send,10575490549000,133745,70,True,,0.0,29925376
525,send,10575500948301,147693,70,True,,0.0,29925376
526,send,10575514340482,152062,70,True,,0.0,29929472
527,send,10575524997925,194520,70,True,,0.0,29933568
528,send,10575535491792,143584,70,True,,0.0,29933568
529,send,10575546373143,162417,70,True,,0.0,29933568
530,send,10575556880862,146396,70,True,,0.0,29933568
531,send,10575567210380,147717,70,True,,0.0,29933568
532,send,10575577593663,144433,70,True,,0.0,29933568
533,send,10575588584557,306116,70,True,,0.0,29933568
534,send,10575599380431,152538,70,True,,0.0,29933568
535,send,10575609907319,161027,70,True,,0.0,29933568
536,send,10575621526303,109664,70,True,,0.0,29933568
537,send,10575632317266,100352,70,True,,0.0,29933568
538,send,10575642656158,367528,70,True,,0.0,29933568
539,send,10575652989509,124319,70,True,,0.0,29933568
540,send,10575663332765,291070,70,True,,0.0,29933568
541,send,10575673695041,123522,70,True,,0.0,29933568
542,send,10575684234497,74069,70,True,,0.0,29933568
543,send,10575694568764,372094,70,True,,0.0,29933568
544,send,10575704818280,91395,70,True,,0.0,29933568
545,send,10575715192327,339508,70,True,,0.0,29933568
546,send,10575725431966,123618,70,True,,99.6,29933568
547,send,10575738713833,277847,70,True,,0.0,29941760
548,send,10575751965649,83334,70,True,,0.0,29941760
549,send,10575763061058,398066,102,True,,0.0,29941760
550,send,10575773313849,134881,70,True,,0.0,29941760
551,send,10575785071224,268806,70,True,,0.0,29941760
552,send,10575795461860,95000,70,True,,0.0,29945856
553,send,10575807140641,267238,70,True,,0.0,29945856
554,send,10575818717882,84606,70,True,,0.0,29945856
555,send,10575829527846,327174,70,True,,0.0,29945856
556,send,10575841414907,70533,70,True,,0.0,29945856
557,send,10575862021056,255218,70,True,,0.0,29945856
558,send,10575882546382,169683,70,True,,0.0,29945856
559,send,10575893169627,267754,70,True,,0.0,29945856
560,send,10575910881598,270155,70,True,,0.0,29945856
561,send,10575921826827,260896,70,True,,0.0,29945856
562,send,10575932705370,270491,70,True,,0.0,29945856
563,send,10575943596925,894940,70,True,,87.0,29945856
564,send,10575955284503,274947,70,True,,0.0,29945856
565,send,10575967456689,161912,70,True,,0.0,29945856
566,send,10575977844619,147842,70,True,,0.0,29949952
567,send,10575988229548,57323,70,True,,0.0,29949952
568,send,10575998749478,185375,70,True,,0.0,29949952
569,send,10576011286623,144192,70,True,,0.0,29949952
570,send,10576021623584,57403,70,True,,0.0,29949952
571,send,10576031907949,380947,70,True,,0.0,29949952
572,send,10576042952638,153453,70,True,,0.0,29949952
573,send,10576053800086,163331,70,True,,0.0,29949952
574,send,10576064207901,163179,70,True,,0.0,29949952
575,send,10576074682404,177374,70,True,,0.0,29949952
576,send,10576085052338,132349,70,True,,0.0,29949952
577,send,10576095387395,135464,70,True,,0.0,29954048
578,send,10576105741949,133938,70,True,,0.0,29954048
579,send,10576116192237,69492,70,True,,0.0,29954048
580,send,10576126597017,145860,70,True,,0.0,29954048
581,send,10576137078379,318751,70,True,,0.0,29954048
582,send,10576148739700,159460,70,True,,87.4,29954048
583,send,10576159113310,128778,70,True,,0.0,29954048
584,send,10576169447790,151715,70,True,,0.0,29954048
585,send,10576179839360,141353,70,True,,0.0,29954048
586,send,10576191265667,169648,70,True,,0.0,29954048
587,send,10576203197412,122699,70,True,,0.0,29958144
588,send,10576214424802,376901,70,True,,0.0,29958144
589,send,10576224896411,134012,70,True,,0.0,29958144
590,send,10576235228025,247611,70,True,,0.0,29958144
591,send,10576245576317,132823,70,True,,0.0,29958144
592,send,10576256202202,356281,70,True,,0.0,29958144
593,send,10576266491318,134788,70,True,,0.0,29958144
594,send,10576276916194,327767,70,True,,0.0,29958144
595,send,10576287203544,81131,70,True,,0.0,29958144
596,send,10576297600825,117222,70,True,,0.0,29958144
597,send,10576308197575,636699,70,True,,0.0,29958144
598,send,10576318639695,74892,70,True,,0.0,29958144
599,send,10576328908977,123524,102,True,,0.0,29958144
600,send,10576339284233,371091,70,True,,0.0,29958144
601,send,10576349615868,234622,70,True,,0.0,29958144
602,send,10576359973214,253914,70,True,,0.0,29958144
603,send,10576370287408,84291,70,True,,0.0,29962240
604,send,10576380911521,79821,70,True,,0.0,29962240
605,send,10576391323491,426448,70,True,,0.0,29966336
606,send,10576402503715,325049,70,True,,0.0,29966336
607,send,10576413068086,129199,70,True,,0.0,29966336
608,send,10576423542569,313570,70,True,,0.0,29966336
609,send,10576433776051,112824,70,True,,0.0,29966336
610,send,10576444205613,312591,70,True,,0.0,29966336
611,send,10576454467233,152712,70,True,,0.0,29966336
612,send,10576465029466,382505,70,True,,0.0,29966336
613,send,10576475273520,79121,70,True,,0.0,29966336
614,send,10576485522558,277549,70,True,,95.9,29966336
615,send,10576496032115,85445,70,True,,0.0,29966336
616,send,10576507298385,72817,70,True,,0.0,29966336
617,send,10576517674373,115459,70,True,,0.0,29966336
618,send,10576528137083,348275,70,True,,0.0,29966336
619,send,10576538418026,116468,70,True,,0.0,29966336
620,send,10576548685821,308716,70,True,,0.0,29966336
621,send,10576560256440,77353,70,True,,0.0,29966336
622,send,10576570619433,146871,70,True,,0.0,29966336
623,send,10576581034033,224943,70,True,,0.0,29966336
624,send,10576591456095,177669,70,True,,0.0,29966336
625,send,10576601802723,137914,70,True,,0.0,29970432
626,send,10576612374861,214328,70,True,,0.0,29970432
627,send,10576624470749,354466,70,True,,0.0,29970432
628,send,10576635039183,801136,70,True,,0.0,29974528
629,send,10576645524356,108936,70,True,,0.0,29974528
630,send,10576656472273,122147,70,True,,0.0,29974528
631,send,10576666820845,290204,70,True,,0.0,29974528
632,send,10576677207041,128480,70,True,,0.0,29978624
633,send,10576687626105,829307,70,True,,90.0,29978624
634,send,10576699168708,77134,70,True,,0.0,29978624
635,send,10576710085333,142405,70,True,,0.0,29978624
636,send,10576720472324,305271,70,True,,0.0,29982720
637,send,10576731379043,75058,70,True,,0.0,29982720
638,send,10576741957470,116160,70,True,,0.0,29982720
639,send,10576752560541,60470,70,True,,0.0,29982720
640,send,10576764215041,433431,70,True,,0.0,29982720
641,send,10576776171252,124740,70,True,,0.0,29982720
642,send,10576786462001,270806,70,True,,0.0,29982720
643,send,10576796701910,139463,70,True,,0.0,29982720
644,send,10576807333449,259753,70,True,,0.0,29986816
645,send,10576818242475,156211,70,True,,0.0,29986816
646,send,10576828650383,356744,70,True,,0.0,29986816
647,send,10576838908509,68746,70,True,,0.0,29986816
648,send,10576851891922,81795,70,True,,0.0,29986816
649,send,10576862563554,333707,102,True,,0.0,29986816
650,send,10576872975925,123522,70,True,,0.0,29986816
651,send,10576884251938,353897,70,True,,0.0,29986816
652,send,10576895104991,65103,70,True,,0.0,29986816
653,send,10576905972308,123726,70,True,,0.0,29986816
654,send,10576916301292,299098,70,True,,0.0,29990912
655,send,10576926726889,64202,70,True,,0.0,29990912
656,send,10576937014782,128036,70,True,,0.0,29990912
657,send,10576947320102,252120,70,True,,0.0,29990912
658,send,10576957658176,190069,70,True,,0.0,29990912
659,send,10576968940166,384934,70,True,,0.0,29990912
660,send,10576979210903,71905,70,True,,0.0,29990912
661,send,10576991431885,67951,70,True,,0.0,29990912
662,send,10577001850202,159580,70,True,,0.0,29990912
663,send,10577012349312,317978,70,True,,0.0,29990912
664,send,10577022630680,120952,70,True,,0.0,29990912
665,send,10577033045898,331045,70,True,,0.0,29995008
666,send,10577043515566,67852,70,True,,0.0,29995008
667,send,10577053917631,117687,70,True,,0.0,29995008
668,send,10577064415187,314933,70,True,,0.0,29995008
669,send,10577074739683,90475,70,True,,0.0,29995008
670,send,10577085119210,113613,70,True,,0.0,29995008
671,send,10577095467315,273479,70,True,,0.0,29995008
672,send,10577105768970,105190,70,True,,0.0,29995008
673,send,10577116264208,392359,70,True,,0.0,29995008
674,send,10577127910896,91388,70,True,,0.0,29995008
675,send,10577140913885,149753,70,True,,0.0,29995008
676,send,10577151697650,244188,70,True,,92.2,29995008
677,send,10577161993900,127536,70,True,,0.0,29995008
678,send,10577175525168,324410,70,True,,0.0,29995008
679,send,10577186382607,125710,70,True,,0.0,29999104
680,send,10577196970132,449405,70,True,,0.0,29999104
681,send,10577208544951,109362,70,True,,0.0,29999104
682,send,10577219805027,90484,70,True,,0.0,29999104
683,send,10577231896526,343794,70,True,,0.0,30007296
684,send,10577242975370,92331,70,True,,0.0,30007296
685,send,10577254915231,265255,70,True,,0.0,30007296
686,send,10577265150775,123230,70,True,,0.0,30007296
687,send,10577276301539,140124,70,True,,0.0,30007296
688,send,10577286628808,119275,70,True,,0.0,30007296
689,send,10577297041295,144461,70,True,,0.0,30007296
690,send,10577307464121,143770,70,True,,0.0,30007296
691,send,10577317959450,146504,70,True,,0.0,30007296
692,send,10577328269680,150999,70,True,,0.0,30007296
693,send,10577338616242,120647,70,True,,97.2,30007296
694,send,10577348999617,129068,70,True,,0.0,30007296
695,send,10577359888538,410548,70,True,,0.0,30007296
696,send,10577370189332,144520,70,True,,0.0,30007296
697,send,10577380614393,150962,70,True,,0.0,30007296
698,send,10577391368069,128589,70,True,,0.0,30007296
699,send,10577404502493,202775,102,True,,0.0,30007296
700,send,10577415281977,142524,70,True,,0.0,30007296
701,send,10577425672828,143481,70,True,,0.0,30007296
702,send,10577436014857,399591,70,True,,0.0,30007296
703,send,10577446514886,133395,70,True,,0.0,30011392
704,send,10577459480600,64697,70,True,,0.0,30011392
705,send,10577469806958,159613,70,True,,0.0,30015488
706,send,10577480211226,160223,70,True,,0.0,30015488
707,send,10577490600175,139848,70,True,,0.0,30015488
708,send,10577501002481,151758,70,True,,0.0,30015488
709,send,10577511508801,142408,70,True,,0.0,30015488
710,send,10577521907828,158319,70,True,,0.0,30015488
711,send,10577534758805,76039,70,True,,0.0,30015488
712,send,10577546000183,53218,70,True,,0.0,30015488
713,send,10577559570907,79457,70,True,,0.0,30015488
714,send,10577570366290,115309,70,True,,0.0,30015488
715,send,10577580753448,332260,70,True,,0.0,30015488
716,send,10577591708019,81401,70,True,,0.0,30015488
717,send,10577602107926,139676,70,True,,0.0,30015488
718,send,10577612559542,423185,70,True,,0.0,30015488
719,send,10577623036387,111694,70,True,,98.1,30019584
720,send,10577634487043,93784,70,True,,0.0,30019584
721,send,10577645376160,360779,70,True,,0.0,30019584
722,send,10577655882404,84026,70,True,,0.0,30023680
723,send,10577666855599,178374,70,True,,0.0,30023680
724,send,10577677206327,151895,70,True,,0.0,30023680
725,send,10577687621746,318648,70,True,,0.0,30023680
726,send,10577698966620,159413,70,True,,0.0,30023680
727,send,10577709456029,156886,70,True,,0.0,30023680
728,send,10577719844529,369735,70,True,,0.0,30023680
729,send,10577730262412,166978,70,True,,0.0,30023680
730,send,10577741227333,148843,70,True,,0.0,30027776
731,send,10577751773703,584142,70,True,,0.0,30031872
732,send,10577762396423,175630,70,True,,0.0,30031872
733,send,10577774506631,152773,70,True,,0.0,30031872
734,send,10577784877773,137439,70,True,,0.0,30031872
735,send,10577795266995,149472,70,True,,0.0,30031872
736,send,10577805663459,163314,70,True,,0.0,30031872
737,send,10577816585703,139017,70,True,,0.0,30031872
738,send,10577826998200,169824,70,True,,0.0,30031872
739,send,10577837754625,137817,70,True,,0.0,30031872
740,send,10577848755624,139841,70,True,,0.0,30031872
741,send,10577859542724,135524,70,True,,92.7,30031872
742,send,10577870518442,158829,70,True,,0.0,30031872
743,send,10577881543938,153263,70,True,,0.0,30035968
744,send,10577891949064,64446,70,True,,0.0,30035968
745,send,10577902590464,140821,70,True,,0.0,30035968
746,send,10577912925612,138088,70,True,,0.0,30035968
747,send,10577923569250,140802,70,True,,0.0,30035968
748,send,10577934584164,58685,70,True,,0.0,30035968
749,send,10577946640623,308569,102,True,,0.0,30035968
750,send,10577958153122,270173,70,True,,0.0,30035968
751,send,10577972388187,533910,70,True,,0.0,30035968
752,send,10577983116596,268398,70,True,,0.0,30035968
753,send,10577996422526,290418,70,True,,0.0,30035968
754,send,10578007567959,266796,70,True,,0.0,30035968
755,send,10578020248547,282101,70,True,,0.0,30035968
756,send,10578031739802,788329,70,True,,0.0,30040064
757,send,10578042887501,186030,70,True,,94.6,30040064
758,send,10578054495903,270690,70,True,,0.0,30040064
759,send,10578065676952,155489,70,True,,0.0,30040064
760,send,10578076127348,138290,70,True,,0.0,30040064
761,send,10578086545657,139233,70,True,,0.0,30044160
762,send,10578099123862,55859,70,True,,0.0,30044160
763,send,10578110732455,141203,70,True,,0.0,30044160
764,send,10578123934190,416558,70,True,,0.0,30044160
765,send,10578134519870,195743,70,True,,0.0,30044160
766,send,10578145059893,157759,70,True,,0.0,30044160
767,send,10578156226708,139104,70,True,,0.0,30044160
768,send,10578167115922,687311,70,True,,0.0,30044160
769,send,10578177976579,122116,70,True,,0.0,30044160
770,send,10578188355410,135873,70,True,,0.0,30044160
771,send,10578200283924,157365,70,True,,0.0,30044160
772,send,10578212246722,186668,70,True,,0.0,30044160
773,send,10578222741309,206905,70,True,,0.0,30044160
774,send,10578234451034,160662,70,True,,0.0,30044160
775,send,10578245113600,161203,70,True,,0.0,30044160
776,send,10578255632162,128132,70,True,,0.0,30044160
777,send,10578266445455,185516,70,True,,0.0,30048256
778,send,10578279133145,148783,70,True,,0.0,30048256
779,send,10578289536280,143956,70,True,,0.0,30048256
780,send,10578299941512,427104,70,True,,0.0,30048256
781,send,10578311281064,141116,70,True,,0.0,30056448
782,send,10578324471355,147943,70,True,,0.0,30056448
783,send,10578334905997,129957,70,True,,0.0,30056448
784,send,10578345336160,147087,70,True,,0.0,30056448
785,send,10578355800408,139469,70,True,,95.7,30056448
786,send,10578367142262,154914,70,True,,0.0,30056448
787,send,10578379765887,157324,70,True,,0.0,30056448
788,send,10578390600752,142135,70,True,,0.0,30056448
789,send,10578403761461,165380,70,True,,0.0,30056448
790,send,10578415104974,138843,70,True,,0.0,30056448
791,send,10578427556572,165807,70,True,,0.0,30056448
792,send,10578437953879,142846,70,True,,0.0,30056448
793,send,10578448394756,149004,70,True,,0.0,30056448
794,send,10578459365743,124186,70,True,,0.0,30056448
795,send,10578469827142,161429,70,True,,0.0,30056448
796,send,10578480351422,157690,70,True,,0.0,30056448
797,send,10578491276305,143461,70,True,,0.0,30056448
798,send,10578502117265,187331,70,True,,0.0,30056448
799,send,10578514333010,201352,102,True,,0.0,30056448
800,send,10578525199383,139747,70,True,,0.0,30060544
801,send,10578535564062,127696,70,True,,0.0,30060544
802,send,10578545922736,137636,70,True,,0.0,30064640
803,send,10578556239305,145910,70,True,,0.0,30064640
804,send,10578567189500,164743,70,True,,0.0,30064640
805,send,10578578001344,139161,70,True,,0.0,30064640
806,send,10578589724143,135555,70,True,,0.0,30064640
807,send,10578600296217,153453,70,True,,0.0,30068736
808,send,10578611489455,164718,70,True,,0.0,30068736
809,send,10578622066666,210350,70,True,,94.2,30068736
810,send,10578632476210,83609,70,True,,0.0,30068736
811,send,10578643409379,85831,70,True,,0.0,30068736
812,send,10578653781428,341838,70,True,,0.0,30068736
813,send,10578664361533,95104,70,True,,0.0,30068736
814,send,10578674704011,306999,70,True,,0.0,30068736
815,send,10578684964256,138066,70,True,,0.0,30068736
816,send,10578695371367,577240,70,True,,92.4,30072832
817,send,10578706712999,97911,70,True,,0.0,30072832
818,send,10578718355099,390280,70,True,,0.0,30072832
819,send,10578729445904,163046,70,True,,0.0,30072832
820,send,10578740699170,329421,70,True,,0.0,30072832
821,send,10578751569560,84515,70,True,,0.0,30076928
822,send,10578764681000,409663,70,True,,0.0,30076928
823,send,10578774937566,64590,70,True,,0.0,30076928
824,send,10578786975415,78519,70,True,,0.0,30076928
825,send,10578797531343,122200,70,True,,0.0,30076928
826,send,10578807923087,332316,70,True,,0.0,30076928
827,send,10578820344881,63298,70,True,,0.0,30076928
828,send,10578830628272,132229,70,True,,0.0,30076928
829,send,10578840996692,340135,70,True,,0.0,30076928
830,send,10578851403980,75504,70,True,,0.0,30076928
831,send,10578861737116,55315,70,True,,0.0,30076928
832,send,10578872730477,128624,70,True,,0.0,30081024
833,send,10578883287178,292235,70,True,,0.0,30081024
834,send,10578896051718,73653,70,True,,0.0,30081024
835,send,10578906425536,99784,70,True,,0.0,30081024
836,send,10578916663120,318574,70,True,,0.0,30081024
837,send,10578928348208,121506,70,True,,0.0,30081024
838,send,10578938992064,570338,70,True,,0.0,30081024
839,send,10578949723864,112467,70,True,,0.0,30085120
840,send,10578960194439,325418,70,True,,0.0,30085120
841,send,10578970981539,92582,70,True,,0.0,30085120
842,send,10578982288308,390019,70,True,,0.0,30085120
843,send,10578993690134,127109,70,True,,0.0,30085120
844,send,10579004208794,324120,70,True,,0.0,30085120
845,send,10579014756201,117633,70,True,,0.0,30085120
846,send,10579026801740,139705,70,True,,0.0,30085120
847,send,10579037384866,154359,70,True,,0.0,30085120
848,send,10579048372199,173892,70,True,,0.0,30085120
849,send,10579058790319,218719,102,True,,95.5,30085120
850,send,10579069188804,144074,70,True,,0.0,30085120
851,send,10579079635273,72442,70,True,,0.0,30085120
852,send,10579090734757,44602,70,True,,0.0,30085120
853,send,10579101161929,136393,70,True,,0.0,30085120
854,send,10579111548199,431587,70,True,,0.0,30085120
855,send,10579121909839,140767,70,True,,0.0,30085120
856,send,10579132558423,150043,70,True,,0.0,30085120
857,send,10579143510180,161290,70,True,,0.0,30085120
858,send,10579153972360,157262,70,True,,0.0,30089216
859,send,10579164359261,187003,70,True,,0.0,30093312
860,send,10579175416621,155999,70,True,,0.0,30093312
861,send,10579185797198,136927,70,True,,0.0,30093312
862,send,10579196213230,148503,70,True,,0.0,30093312
863,send,10579206556162,131898,70,True,,0.0,30093312
864,send,10579217073950,157294,70,True,,0.0,30093312
865,send,10579227634384,243606,70,True,,0.0,30093312
866,send,10579238009487,448808,70,True,,0.0,30093312
867,send,10579248387777,162210,70,True,,0.0,30093312
868,send,10579258779414,196780,70,True,,0.0,30093312
869,send,10579269779305,145712,70,True,,0.0,30093312
870,send,10579280221445,78027,70,True,,0.0,30093312
871,send,10579290553938,151477,70,True,,0.0,30097408
872,send,10579300936365,135423,70,True,,0.0,30097408
873,send,10579311301975,63126,70,True,,0.0,30097408
874,send,10579321642963,139461,70,True,,0.0,30097408
875,send,10579332146108,168345,70,True,,0.0,30097408
876,send,10579342609037,147290,70,True,,0.0,30097408
877,send,10579352963630,128607,70,True,,0.0,30097408
878,send,10579363260488,148302,70,True,,0.0,30101504
879,send,10579373628411,147475,70,True,,0.0,30101504
880,send,10579384199084,155976,70,True,,0.0,30101504
881,send,10579394672093,173356,70,True,,0.0,30101504
882,send,10579405088788,135808,70,True,,0.0,30101504
883,send,10579415458054,181891,70,True,,191.4,30105600
884,send,10579426472369,132513,70,True,,0.0,30105600
885,send,10579436897500,135529,70,True,,0.0,30105600
886,send,10579447335580,145698,70,True,,0.0,30105600
887,send,10579457860886,151105,70,True,,0.0,30109696
888,send,10579468374584,160347,70,True,,0.0,30109696
889,send,10579479131872,181966,70,True,,0.0,30109696
890,send,10579489467088,153875,70,True,,0.0,30109696
891,send,10579500075089,176950,70,True,,0.0,30109696
892,send,10579510501112,60564,70,True,,0.0,30109696
893,send,10579521770723,131878,70,True,,0.0,30109696
894,send,10579532151786,162895,70,True,,0.0,30109696
895,send,10579542479209,139559,70,True,,0.0,30109696
896,send,10579554487741,153909,70,True,,0.0,30109696
897,send,10579564898746,154797,70,True,,0.0,30109696
898,send,10579575285807,165367,70,True,,0.0,30109696
899,send,10579586599865,165950,102,True,,0.0,30113792
900,send,10579596991007,147234,70,True,,0.0,30113792
901,send,10579607519849,436018,70,True,,0.0,30113792
902,send,10579618808384,194206,70,True,,0.0,30113792
903,send,10579629369741,298196,70,True,,0.0,30113792
904,send,10579640411106,139769,70,True,,0.0,30113792
905,send,10579650808002,260096,70,True,,0.0,30113792
906,send,10579661075472,118622,70,True,,0.0,30113792
907,send,10579671454900,288145,70,True,,0.0,30113792
908,send,10579681860110,132238,70,True,,0.0,30113792
909,send,10579692236292,302852,70,True,,0.0,30117888
910,send,10579702484018,136751,70,True,,0.0,30117888
911,send,10579712759246,259479,70,True,,0.0,30117888
912,send,10579723059726,121938,70,True,,0.0,30117888
913,send,10579734440291,344540,70,True,,0.0,30117888
914,send,10579746461327,137381,70,True,,0.0,30117888
915,send,10579757144452,653708,70,True,,0.0,30117888
916,send,10579768510139,153173,70,True,,0.0,30117888
917,send,10579779588805,309238,70,True,,0.0,30121984
918,send,10579789935993,132779,70,True,,0.0,30121984
919,send,10579800503780,315814,70,True,,0.0,30121984
920,send,10579810878705,96590,70,True,,0.0,30121984
921,send,10579822697906,271359,70,True,,0.0,30121984
922,send,10579834209459,168235,70,True,,0.0,30121984
923,send,10579844638302,137330,70,True,,0.0,30121984
924,send,10579855005590,145731,70,True,,0.0,30121984
925,send,10579865357872,144067,70,True,,0.0,30121984
926,send,10579875721520,134611,70,True,,0.0,30121984
927,send,10579887176158,59157,70,True,,0.0,30121984
928,send,10579899051251,137512,70,True,,0.0,30121984
929,send,10579910008631,156748,70,True,,0.0,30121984
930,send,10579922542628,144468,70,True,,0.0,30121984
931,send,10579933450716,128760,70,True,,183.9,30121984
932,send,10579943819020,367098,70,True,,0.0,30121984
933,send,10579954155332,139643,70,True,,0.0,30121984
934,send,10579964503678,143329,70,True,,0.0,30130176
935,send,10579975069278,187330,70,True,,0.0,30130176
936,send,10579985450389,133930,70,True,,0.0,30130176
937,send,10579995810003,404755,70,True,,0.0,30134272
938,send,10580006140014,135052,70,True,,0.0,30134272
939,send,10580016465255,153770,70,True,,0.0,30134272
940,send,10580026861249,142863,70,True,,0.0,30134272
941,send,10580038536726,146737,70,True,,0.0,30134272
942,send,10580051436996,125293,70,True,,0.0,30134272
943,send,10580062546675,60653,70,True,,0.0,30134272
944,send,10580072954628,135029,70,True,,0.0,30134272
945,send,10580083281877,117763,70,True,,0.0,30134272
946,send,10580093637111,136572,70,True,,0.0,30134272
947,send,10580104878798,65310,70,True,,0.0,30134272
948,send,10580115179052,50982,70,True,,0.0,30134272
949,send,10580128125240,186603,102,True,,0.0,30134272
950,send,10580138862283,203058,70,True,,0.0,30134272
951,send,10580151306599,148657,70,True,,0.0,30134272
952,send,10580162206462,146836,70,True,,0.0,30134272
953,send,10580172643224,160138,70,True,,0.0,30134272
954,send,10580182990426,133099,70,True,,0.0,30134272
955,send,10580193379676,134829,70,True,,0.0,30134272
956,send,10580203779042,131107,70,True,,96.2,30138368
957,send,10580214848566,259862,70,True,,0.0,30138368
958,send,10580227376499,163584,70,True,,0.0,30138368
959,send,10580238769901,173580,70,True,,0.0,30138368
960,send,10580252603697,150696,70,True,,0.0,30142464
961,send,10580263493346,139752,70,True,,0.0,30142464
962,send,10580273868088,131529,70,True,,0.0,30142464
963,send,10580284393674,126057,70,True,,0.0,30142464
964,send,10580294753917,168530,70,True,,0.0,30142464
965,send,10580307914990,404518,70,True,,0.0,30142464
966,send,10580318332630,130433,70,True,,0.0,30142464
967,send,10580328760291,155800,70,True,,0.0,30142464
968,send,10580339150667,136435,70,True,,0.0,30142464
969,send,10580349644347,224040,70,True,,0.0,30142464
970,send,10580360915730,193887,70,True,,0.0,30142464
971,send,10580371287921,211017,70,True,,0.0,30142464
972,send,10580382308917,161846,70,True,,0.0,30146560
973,send,10580392753502,150252,70,True,,0.0,30146560
974,send,10580403041419,129870,70,True,,0.0,30146560
975,send,10580414095109,127325,70,True,,0.0,30146560
976,send,10580425649212,166705,70,True,,0.0,30146560
977,send,10580436782373,152900,70,True,,0.0,30150656
978,send,10580447345187,170717,70,True,,94.5,30150656
979,send,10580458445651,137839,70,True,,0.0,30150656
980,send,10580469343154,65916,70,True,,0.0,30150656
981,send,10580480323919,169537,70,True,,0.0,30150656
982,send,10580490721075,160286,70,True,,0.0,30150656
983,send,10580501100743,147020,70,True,,0.0,30150656
984,send,10580512010020,411464,70,True,,0.0,30150656
985,send,10580522484823,157824,70,True,,0.0,30154752
986,send,10580535159335,130638,70,True,,0.0,30154752
987,send,10580545474358,125398,70,True,,0.0,30154752
988,send,10580556296043,132130,70,True,,0.0,30154752
989,send,10580567400086,138307,70,True,,0.0,30154752
990,send,10580577774649,144935,70,True,,0.0,30154752
991,send,10580588129390,125855,70,True,,0.0,30154752
992,send,10580598505936,146938,70,True,,0.0,30154752
993,send,10580610193246,152377,70,True,,0.0,30154752
994,send,10580621777223,96555,70,True,,0.0,30154752
995,send,10580632546171,150300,70,True,,0.0,30158848
996,send,10580643234633,172112,70,True,,0.0,30162944
997,send,10580654560113,131752,70,True,,0.0,30162944
998,send,10580664977763,138021,70,True,,0.0,30162944
999,send,10580675355055,165090,102,True,,0.0,30162944
